[{"weight_name": "conv2d_1/kernel:0", "length": 864, "shape": [3, 3, 3, 32], "layer_name": "conv2d_1", "offset": 0, "type": "float32"}, {"weight_name": "conv2d_1/bias:0", "length": 32, "shape": [32], "layer_name": "conv2d_1", "offset": 3456, "type": "float32"}, {"weight_name": "conv2d_2/kernel:0", "length": 9216, "shape": [3, 3, 32, 32], "layer_name": "conv2d_2", "offset": 3584, "type": "float32"}, {"weight_name": "conv2d_2/bias:0", "length": 32, "shape": [32], "layer_name": "conv2d_2", "offset": 40448, "type": "float32"}, {"weight_name": "conv2d_3/kernel:0", "length": 18432, "shape": [3, 3, 32, 64], "layer_name": "conv2d_3", "offset": 40576, "type": "float32"}, {"weight_name": "conv2d_3/bias:0", "length": 64, "shape": [64], "layer_name": "conv2d_3", "offset": 114304, "type": "float32"}, {"weight_name": "conv2d_4/kernel:0", "length": 36864, "shape": [3, 3, 64, 64], "layer_name": "conv2d_4", "offset": 114560, "type": "float32"}, {"weight_name": "conv2d_4/bias:0", "length": 64, "shape": [64], "layer_name": "conv2d_4", "offset": 262016, "type": "float32"}, {"weight_name": "dense_1/kernel:0", "length": 1179648, "shape": [2304, 512], "layer_name": "dense_1", "offset": 262272, "type": "float32"}, {"weight_name": "dense_1/bias:0", "length": 512, "shape": [512], "layer_name": "dense_1", "offset": 4980864, "type": "float32"}, {"weight_name": "dense_2/kernel:0", "length": 5120, "shape": [512, 10], "layer_name": "dense_2", "offset": 4982912, "type": "float32"}, {"weight_name": "dense_2/bias:0", "length": 10, "shape": [10], "layer_name": "dense_2", "offset": 5003392, "type": "float32"}]